refreshed_at_utc,run_id,project_id,ml_risk
2026-03-15T21:22:35.569044+00:00,26c71d1734a6,P018,0.8013279977195515
2026-03-15T21:22:35.569044+00:00,26c71d1734a6,P019,0.4961845622412726
2026-03-15T21:22:35.569044+00:00,26c71d1734a6,P020,0.3831951305001591
2026-03-15T21:22:35.569044+00:00,26c71d1734a6,P021,0.7335162131680287
2026-03-15T21:22:35.569044+00:00,26c71d1734a6,P022,0.6251885918058677
2026-03-15T21:22:35.569044+00:00,26c71d1734a6,P024,0.6236294330457628
2026-03-17T14:31:47.673768+00:00,746f4949c69d,P018,0.8013279977195515
2026-03-17T14:31:47.673768+00:00,746f4949c69d,P019,0.4961845622412726
2026-03-17T14:31:47.673768+00:00,746f4949c69d,P020,0.3831951305001591
2026-03-17T14:31:47.673768+00:00,746f4949c69d,P021,0.7335162131680287
2026-03-17T14:31:47.673768+00:00,746f4949c69d,P022,0.6251885918058677
2026-03-17T14:31:47.673768+00:00,746f4949c69d,P024,0.6236294330457628
2026-03-21T09:10:58.408504+00:00,156faf77c80d,P018,0.8013279977195515
2026-03-21T09:10:58.408504+00:00,156faf77c80d,P019,0.4961845622412726
2026-03-21T09:10:58.408504+00:00,156faf77c80d,P020,0.3831951305001591
2026-03-21T09:10:58.408504+00:00,156faf77c80d,P021,0.7335162131680287
2026-03-21T09:10:58.408504+00:00,156faf77c80d,P022,0.6251885918058677
2026-03-21T09:10:58.408504+00:00,156faf77c80d,P024,0.6236294330457628
2026-04-02T19:15:52.472101+00:00,d0ea5a0cf9c9,P018,0.8013279977195515
2026-04-02T19:15:52.472101+00:00,d0ea5a0cf9c9,P019,0.4961845622412726
2026-04-02T19:15:52.472101+00:00,d0ea5a0cf9c9,P020,0.3831951305001591
2026-04-02T19:15:52.472101+00:00,d0ea5a0cf9c9,P021,0.7335162131680287
2026-04-02T19:15:52.472101+00:00,d0ea5a0cf9c9,P022,0.6251885918058677
2026-04-02T19:15:52.472101+00:00,d0ea5a0cf9c9,P024,0.6236294330457628
2026-04-04T08:18:32.694186+00:00,b3e65a52b3aa,P018,0.8013279977195515
2026-04-04T08:18:32.694186+00:00,b3e65a52b3aa,P019,0.4961845622412726
2026-04-04T08:18:32.694186+00:00,b3e65a52b3aa,P020,0.3831951305001591
2026-04-04T08:18:32.694186+00:00,b3e65a52b3aa,P021,0.7335162131680287
2026-04-04T08:18:32.694186+00:00,b3e65a52b3aa,P022,0.6251885918058677
2026-04-04T08:18:32.694186+00:00,b3e65a52b3aa,P024,0.6236294330457628
2026-04-04T11:02:11.315390+00:00,151d92fb8d37,P018,0.8013279977195515
2026-04-04T11:02:11.315390+00:00,151d92fb8d37,P019,0.4961845622412726
2026-04-04T11:02:11.315390+00:00,151d92fb8d37,P020,0.3831951305001591
2026-04-04T11:02:11.315390+00:00,151d92fb8d37,P021,0.7335162131680287
2026-04-04T11:02:11.315390+00:00,151d92fb8d37,P022,0.6251885918058677
2026-04-04T11:02:11.315390+00:00,151d92fb8d37,P024,0.6236294330457628
2026-05-02T15:19:46.375383+00:00,c9c96e2c87e4,P018,0.8013279977195515
2026-05-02T15:19:46.375383+00:00,c9c96e2c87e4,P019,0.4961845622412726
2026-05-02T15:19:46.375383+00:00,c9c96e2c87e4,P020,0.3831951305001591
2026-05-02T15:19:46.375383+00:00,c9c96e2c87e4,P021,0.7335162131680287
2026-05-02T15:19:46.375383+00:00,c9c96e2c87e4,P022,0.6251885918058677
2026-05-02T15:19:46.375383+00:00,c9c96e2c87e4,P024,0.6236294330457628
2026-05-08T16:36:45.224341+00:00,6034b78f7218,P018,0.8013279977195515
2026-05-08T16:36:45.224341+00:00,6034b78f7218,P019,0.4961845622412726
2026-05-08T16:36:45.224341+00:00,6034b78f7218,P020,0.3831951305001591
2026-05-08T16:36:45.224341+00:00,6034b78f7218,P021,0.7335162131680287
2026-05-08T16:36:45.224341+00:00,6034b78f7218,P022,0.6251885918058677
2026-05-08T16:36:45.224341+00:00,6034b78f7218,P024,0.6236294330457628
2026-05-13T19:40:43.712661+00:00,90a793e2bf0f,P018,0.8013279977195515
2026-05-13T19:40:43.712661+00:00,90a793e2bf0f,P019,0.49618456224127266
2026-05-13T19:40:43.712661+00:00,90a793e2bf0f,P020,0.3831951305001591
2026-05-13T19:40:43.712661+00:00,90a793e2bf0f,P021,0.7335162131680287
2026-05-13T19:40:43.712661+00:00,90a793e2bf0f,P022,0.6251885918058677
2026-05-13T19:40:43.712661+00:00,90a793e2bf0f,P024,0.6236294330457628
